videoId,trackKey,trackId,pedestrianId,offsetSeconds,videoTime,observedAt,clockTime,xNorm,yNorm,occlusionClass,occlusionLabel,insideROI
cddc3f69,cddc3f69:1,3e4bfc80,1,0,00:00:00,2025-01-23T13:00:00,13:00:00,0.259896,0.996296,2,heavy occlusion,false
cddc3f69,cddc3f69:1,3e4bfc80,1,1,00:00:01,2025-01-23T13:00:01,13:00:01,0.160417,1.0,2,heavy occlusion,false
cddc3f69,cddc3f69:2,edd74767,2,0,00:00:00,2025-01-23T13:00:00,13:00:00,0.540104,0.987963,1,moderate occlusion,false
cddc3f69,cddc3f69:2,edd74767,2,1,00:00:01,2025-01-23T13:00:01,13:00:01,0.66875,0.952778,1,moderate occlusion,false
cddc3f69,cddc3f69:2,edd74767,2,2,00:00:02,2025-01-23T13:00:02,13:00:02,0.958854,1.0,2,heavy occlusion,false
cddc3f69,cddc3f69:2,edd74767,2,3,00:00:03,2025-01-23T13:00:03,13:00:03,0.966667,0.941667,2,heavy occlusion,false
cddc3f69,cddc3f69:3,6065803d,3,0,00:00:00,2025-01-23T13:00:00,13:00:00,0.203125,0.996296,2,heavy occlusion,false
cddc3f69,cddc3f69:4,6ce47835,4,0,00:00:00,2025-01-23T13:00:00,13:00:00,0.277865,0.928704,2,heavy occlusion,true
cddc3f69,cddc3f69:4,6ce47835,4,1,00:00:01,2025-01-23T13:00:01,13:00:01,0.365885,0.92963,1,moderate occlusion,true
cddc3f69,cddc3f69:4,6ce47835,4,2,00:00:02,2025-01-23T13:00:02,13:00:02,0.54401,0.993519,1,moderate occlusion,false
cddc3f69,cddc3f69:4,6ce47835,4,3,00:00:03,2025-01-23T13:00:03,13:00:03,0.266927,0.993519,1,moderate occlusion,true
cddc3f69,cddc3f69:4,6ce47835,4,4,00:00:04,2025-01-23T13:00:04,13:00:04,0.044271,0.988889,2,heavy occlusion,false
cddc3f69,cddc3f69:5,a7dc53dd,5,0,00:00:00,2025-01-23T13:00:00,13:00:00,0.71849,0.996296,1,moderate occlusion,false
cddc3f69,cddc3f69:6,a5961361,6,0,00:00:00,2025-01-23T13:00:00,13:00:00,0.511198,0.962963,1,moderate occlusion,false
cddc3f69,cddc3f69:7,24381f0f,7,0,00:00:00,2025-01-23T13:00:00,13:00:00,0.934896,0.991667,2,heavy occlusion,false
cddc3f69,cddc3f69:7,24381f0f,7,1,00:00:01,2025-01-23T13:00:01,13:00:01,0.88776,0.999074,2,heavy occlusion,false
cddc3f69,cddc3f69:8,fe8ead5c,8,0,00:00:00,2025-01-23T13:00:00,13:00:00,0.348698,0.946296,1,moderate occlusion,true
cddc3f69,cddc3f69:8,fe8ead5c,8,1,00:00:01,2025-01-23T13:00:01,13:00:01,0.440365,0.916667,2,heavy occlusion,false
cddc3f69,cddc3f69:8,fe8ead5c,8,2,00:00:02,2025-01-23T13:00:02,13:00:02,0.635156,0.990741,2,heavy occlusion,false
cddc3f69,cddc3f69:8,fe8ead5c,8,3,00:00:03,2025-01-23T13:00:03,13:00:03,0.383333,0.987037,1,moderate occlusion,true
cddc3f69,cddc3f69:8,fe8ead5c,8,4,00:00:04,2025-01-23T13:00:04,13:00:04,0.045573,0.994444,2,heavy occlusion,false
cddc3f69,cddc3f69:9,ca700c1d,9,0,00:00:00,2025-01-23T13:00:00,13:00:00,0.785677,0.983333,2,heavy occlusion,false
cddc3f69,cddc3f69:10,0d18f798,10,0,00:00:00,2025-01-23T13:00:00,13:00:00,0.588542,0.813889,2,heavy occlusion,false
cddc3f69,cddc3f69:11,34357242,11,0,00:00:00,2025-01-23T13:00:00,13:00:00,0.60599,0.898148,1,moderate occlusion,false
cddc3f69,cddc3f69:12,1001e60d,12,0,00:00:00,2025-01-23T13:00:00,13:00:00,0.819531,1.0,2,heavy occlusion,false
cddc3f69,cddc3f69:12,1001e60d,12,1,00:00:01,2025-01-23T13:00:01,13:00:01,0.821094,0.99537,2,heavy occlusion,false
cddc3f69,cddc3f69:13,ca509d41,13,0,00:00:00,2025-01-23T13:00:00,13:00:00,0.928646,0.891667,2,heavy occlusion,false
cddc3f69,cddc3f69:14,15f85e41,14,0,00:00:00,2025-01-23T13:00:00,13:00:00,0.945573,0.869444,2,heavy occlusion,false
cddc3f69,cddc3f69:15,32941aa9,15,0,00:00:00,2025-01-23T13:00:00,13:00:00,0.507292,0.886111,1,moderate occlusion,false
cddc3f69,cddc3f69:15,32941aa9,15,1,00:00:01,2025-01-23T13:00:01,13:00:01,0.615625,0.863889,2,heavy occlusion,false
cddc3f69,cddc3f69:15,32941aa9,15,2,00:00:02,2025-01-23T13:00:02,13:00:02,0.90651,0.997222,2,heavy occlusion,false
cddc3f69,cddc3f69:15,32941aa9,15,3,00:00:03,2025-01-23T13:00:03,13:00:03,0.636198,0.989815,2,heavy occlusion,false
cddc3f69,cddc3f69:15,32941aa9,15,4,00:00:04,2025-01-23T13:00:04,13:00:04,0.134896,0.990741,2,heavy occlusion,false
cddc3f69,cddc3f69:15,32941aa9,15,5,00:00:05,2025-01-23T13:00:05,13:00:05,0.061458,0.987037,2,heavy occlusion,false
cddc3f69,cddc3f69:16,cd866f28,16,0,00:00:00,2025-01-23T13:00:00,13:00:00,0.764323,0.900926,2,heavy occlusion,false
cddc3f69,cddc3f69:16,cd866f28,16,1,00:00:01,2025-01-23T13:00:01,13:00:01,0.928385,0.866667,2,heavy occlusion,false
cddc3f69,cddc3f69:17,fef7bb91,17,0,00:00:00,2025-01-23T13:00:00,13:00:00,0.572917,0.887963,1,moderate occlusion,false
cddc3f69,cddc3f69:23,08b20325,23,0,00:00:00,2025-01-23T13:00:00,13:00:00,0.89401,0.996296,2,heavy occlusion,false
cddc3f69,cddc3f69:28,0a24e2f0,28,0,00:00:00,2025-01-23T13:00:00,13:00:00,0.83125,0.814815,2,heavy occlusion,false
cddc3f69,cddc3f69:29,ed316a91,29,0,00:00:00,2025-01-23T13:00:00,13:00:00,0.640885,0.975,2,heavy occlusion,false
cddc3f69,cddc3f69:29,ed316a91,29,1,00:00:01,2025-01-23T13:00:01,13:00:01,0.613542,0.960185,2,heavy occlusion,false
cddc3f69,cddc3f69:30,84f35bd0,30,0,00:00:00,2025-01-23T13:00:00,13:00:00,0.670833,0.952778,2,heavy occlusion,false
cddc3f69,cddc3f69:31,76363a6b,31,0,00:00:00,2025-01-23T13:00:00,13:00:00,0.604948,0.878704,2,heavy occlusion,false
cddc3f69,cddc3f69:36,83ae99d8,36,0,00:00:00,2025-01-23T13:00:00,13:00:00,0.903125,0.996296,2,heavy occlusion,false
cddc3f69,cddc3f69:39,1c6b811e,39,0,00:00:00,2025-01-23T13:00:00,13:00:00,0.351302,1.0,2,heavy occlusion,false
cddc3f69,cddc3f69:43,66d102a1,43,0,00:00:00,2025-01-23T13:00:00,13:00:00,0.275781,0.946296,2,heavy occlusion,true
cddc3f69,cddc3f69:45,109381d6,45,0,00:00:00,2025-01-23T13:00:00,13:00:00,0.331771,0.864815,2,heavy occlusion,true
cddc3f69,cddc3f69:50,f8a27e78,50,0,00:00:00,2025-01-23T13:00:00,13:00:00,0.876302,0.874074,2,heavy occlusion,false
cddc3f69,cddc3f69:61,661a1df4,61,0,00:00:00,2025-01-23T13:00:00,13:00:00,0.923958,0.99537,2,heavy occlusion,false
cddc3f69,cddc3f69:62,45ed239a,62,0,00:00:00,2025-01-23T13:00:00,13:00:00,0.202344,0.994444,2,heavy occlusion,true
cddc3f69,cddc3f69:62,45ed239a,62,1,00:00:01,2025-01-23T13:00:01,13:00:01,0.06276,1.0,2,heavy occlusion,false
cddc3f69,cddc3f69:63,3e35aa5d,63,0,00:00:00,2025-01-23T13:00:00,13:00:00,0.146615,0.749074,1,moderate occlusion,true
cddc3f69,cddc3f69:63,3e35aa5d,63,1,00:00:01,2025-01-23T13:00:01,13:00:01,0.183854,0.747222,2,heavy occlusion,true
cddc3f69,cddc3f69:65,aab33fa9,65,0,00:00:00,2025-01-23T13:00:00,13:00:00,0.181771,0.82037,1,moderate occlusion,true
cddc3f69,cddc3f69:65,aab33fa9,65,1,00:00:01,2025-01-23T13:00:01,13:00:01,0.290104,0.7,2,heavy occlusion,true
cddc3f69,cddc3f69:65,aab33fa9,65,2,00:00:02,2025-01-23T13:00:02,13:00:02,0.477604,0.724074,1,moderate occlusion,false
cddc3f69,cddc3f69:65,aab33fa9,65,3,00:00:03,2025-01-23T13:00:03,13:00:03,0.46849,0.725,1,moderate occlusion,false
cddc3f69,cddc3f69:74,dd5ca983,74,0,00:00:00,2025-01-23T13:00:00,13:00:00,0.119531,0.827778,1,moderate occlusion,false
cddc3f69,cddc3f69:74,dd5ca983,74,1,00:00:01,2025-01-23T13:00:01,13:00:01,0.152604,0.789815,2,heavy occlusion,true
cddc3f69,cddc3f69:77,9d40473d,77,0,00:00:00,2025-01-23T13:00:00,13:00:00,0.073958,0.983333,1,moderate occlusion,false
cddc3f69,cddc3f69:77,9d40473d,77,1,00:00:01,2025-01-23T13:00:01,13:00:01,0.161458,0.998148,1,moderate occlusion,false
cddc3f69,cddc3f69:77,9d40473d,77,2,00:00:02,2025-01-23T13:00:02,13:00:02,0.342969,0.963889,1,moderate occlusion,true
cddc3f69,cddc3f69:77,9d40473d,77,3,00:00:03,2025-01-23T13:00:03,13:00:03,0.251823,0.99537,1,moderate occlusion,true
cddc3f69,cddc3f69:78,76d21c13,78,0,00:00:00,2025-01-23T13:00:00,13:00:00,0.636458,0.968519,2,heavy occlusion,false
cddc3f69,cddc3f69:79,be0eed21,79,0,00:00:00,2025-01-23T13:00:00,13:00:00,0.614323,0.830556,2,heavy occlusion,false
cddc3f69,cddc3f69:79,be0eed21,79,1,00:00:01,2025-01-23T13:00:01,13:00:01,0.744271,0.92963,2,heavy occlusion,false
cddc3f69,cddc3f69:79,be0eed21,79,2,00:00:02,2025-01-23T13:00:02,13:00:02,0.958594,0.987963,2,heavy occlusion,false
cddc3f69,cddc3f69:80,acb0bc70,80,0,00:00:00,2025-01-23T13:00:00,13:00:00,0.349219,0.971296,0,light occlusion,true
cddc3f69,cddc3f69:80,acb0bc70,80,1,00:00:01,2025-01-23T13:00:01,13:00:01,0.44401,0.932407,2,heavy occlusion,false
cddc3f69,cddc3f69:80,acb0bc70,80,2,00:00:02,2025-01-23T13:00:02,13:00:02,0.488021,0.971296,1,moderate occlusion,false
cddc3f69,cddc3f69:85,9f1244f9,85,0,00:00:00,2025-01-23T13:00:00,13:00:00,0.964844,0.987963,2,heavy occlusion,false
cddc3f69,cddc3f69:85,9f1244f9,85,1,00:00:01,2025-01-23T13:00:01,13:00:01,0.970833,0.988889,2,heavy occlusion,false
cddc3f69,cddc3f69:87,0021aa0b,87,0,00:00:00,2025-01-23T13:00:00,13:00:00,0.639844,0.974074,1,moderate occlusion,false
cddc3f69,cddc3f69:87,0021aa0b,87,1,00:00:01,2025-01-23T13:00:01,13:00:01,0.64401,0.988889,2,heavy occlusion,false
cddc3f69,cddc3f69:90,ea250077,90,1,00:00:01,2025-01-23T13:00:01,13:00:01,0.80026,0.784259,2,heavy occlusion,false
cddc3f69,cddc3f69:91,bb3a1be0,91,1,00:00:01,2025-01-23T13:00:01,13:00:01,0.34974,0.941667,1,moderate occlusion,true
cddc3f69,cddc3f69:94,5d22d5fc,94,1,00:00:01,2025-01-23T13:00:01,13:00:01,0.086458,0.92963,2,heavy occlusion,false
cddc3f69,cddc3f69:94,5d22d5fc,94,2,00:00:02,2025-01-23T13:00:02,13:00:02,0.254948,0.996296,1,moderate occlusion,false
cddc3f69,cddc3f69:94,5d22d5fc,94,3,00:00:03,2025-01-23T13:00:03,13:00:03,0.047656,0.996296,2,heavy occlusion,false
cddc3f69,cddc3f69:98,73ca3946,98,1,00:00:01,2025-01-23T13:00:01,13:00:01,0.632812,0.985185,1,moderate occlusion,false
cddc3f69,cddc3f69:101,a5b280cc,101,1,00:00:01,2025-01-23T13:00:01,13:00:01,0.621875,0.97963,1,moderate occlusion,false
cddc3f69,cddc3f69:108,dd2fcab2,108,1,00:00:01,2025-01-23T13:00:01,13:00:01,0.190885,0.731481,2,heavy occlusion,true
cddc3f69,cddc3f69:113,145ebf19,113,1,00:00:01,2025-01-23T13:00:01,13:00:01,0.214062,0.821296,2,heavy occlusion,true
cddc3f69,cddc3f69:113,145ebf19,113,2,00:00:02,2025-01-23T13:00:02,13:00:02,0.401042,0.821296,0,light occlusion,false
cddc3f69,cddc3f69:113,145ebf19,113,3,00:00:03,2025-01-23T13:00:03,13:00:03,0.05599,0.989815,0,light occlusion,false
cddc3f69,cddc3f69:113,145ebf19,113,4,00:00:04,2025-01-23T13:00:04,13:00:04,0.035156,0.99537,0,light occlusion,false
cddc3f69,cddc3f69:115,e917805b,115,1,00:00:01,2025-01-23T13:00:01,13:00:01,0.285677,0.973148,2,heavy occlusion,true
cddc3f69,cddc3f69:124,846c7ac3,124,1,00:00:01,2025-01-23T13:00:01,13:00:01,0.092448,0.980556,2,heavy occlusion,false
cddc3f69,cddc3f69:126,ea08e7c1,126,1,00:00:01,2025-01-23T13:00:01,13:00:01,0.530469,0.884259,1,moderate occlusion,false
cddc3f69,cddc3f69:127,d87d19c2,127,1,00:00:01,2025-01-23T13:00:01,13:00:01,0.560937,0.958333,1,moderate occlusion,false
cddc3f69,cddc3f69:128,efcd28db,128,1,00:00:01,2025-01-23T13:00:01,13:00:01,0.936979,0.987037,2,heavy occlusion,false
cddc3f69,cddc3f69:138,dcae47a1,138,1,00:00:01,2025-01-23T13:00:01,13:00:01,0.571354,0.966667,1,moderate occlusion,false
cddc3f69,cddc3f69:141,42327215,141,1,00:00:01,2025-01-23T13:00:01,13:00:01,0.077344,0.994444,2,heavy occlusion,false
cddc3f69,cddc3f69:141,42327215,141,2,00:00:02,2025-01-23T13:00:02,13:00:02,0.197396,0.999074,1,moderate occlusion,false
cddc3f69,cddc3f69:144,30dfffd0,144,1,00:00:01,2025-01-23T13:00:01,13:00:01,0.633854,0.996296,2,heavy occlusion,false
cddc3f69,cddc3f69:156,5ba539dd,156,1,00:00:01,2025-01-23T13:00:01,13:00:01,0.138021,0.900926,2,heavy occlusion,false
cddc3f69,cddc3f69:156,5ba539dd,156,2,00:00:02,2025-01-23T13:00:02,13:00:02,0.248177,0.994444,1,moderate occlusion,true
cddc3f69,cddc3f69:157,85594f7a,157,1,00:00:01,2025-01-23T13:00:01,13:00:01,0.88724,0.99537,2,heavy occlusion,false
cddc3f69,cddc3f69:157,85594f7a,157,2,00:00:02,2025-01-23T13:00:02,13:00:02,0.961198,0.998148,2,heavy occlusion,false
cddc3f69,cddc3f69:158,4615f888,158,1,00:00:01,2025-01-23T13:00:01,13:00:01,0.963802,0.998148,2,heavy occlusion,false
cddc3f69,cddc3f69:166,84d82724,166,1,00:00:01,2025-01-23T13:00:01,13:00:01,0.651823,0.999074,2,heavy occlusion,false
cddc3f69,cddc3f69:167,342d464e,167,1,00:00:01,2025-01-23T13:00:01,13:00:01,0.575,0.737963,2,heavy occlusion,false
cddc3f69,cddc3f69:169,a96b8514,169,1,00:00:01,2025-01-23T13:00:01,13:00:01,0.141667,0.827778,2,heavy occlusion,true
cddc3f69,cddc3f69:173,f18551f2,173,1,00:00:01,2025-01-23T13:00:01,13:00:01,0.078646,1.0,2,heavy occlusion,false
cddc3f69,cddc3f69:176,8960f9fe,176,1,00:00:01,2025-01-23T13:00:01,13:00:01,0.746354,0.989815,1,moderate occlusion,false
cddc3f69,cddc3f69:177,14299a95,177,1,00:00:01,2025-01-23T13:00:01,13:00:01,0.252865,0.705556,2,heavy occlusion,true
cddc3f69,cddc3f69:177,14299a95,177,2,00:00:02,2025-01-23T13:00:02,13:00:02,0.442188,0.731481,0,light occlusion,false
cddc3f69,cddc3f69:177,14299a95,177,3,00:00:03,2025-01-23T13:00:03,13:00:03,0.460677,0.72963,1,moderate occlusion,false
cddc3f69,cddc3f69:181,5141b0ec,181,1,00:00:01,2025-01-23T13:00:01,13:00:01,0.5875,0.95,1,moderate occlusion,false
cddc3f69,cddc3f69:184,d27ef1f1,184,1,00:00:01,2025-01-23T13:00:01,13:00:01,0.713281,0.987963,2,heavy occlusion,false
cddc3f69,cddc3f69:184,d27ef1f1,184,2,00:00:02,2025-01-23T13:00:02,13:00:02,0.883073,1.0,2,heavy occlusion,false
cddc3f69,cddc3f69:186,72de87e8,186,1,00:00:01,2025-01-23T13:00:01,13:00:01,0.317448,0.961111,1,moderate occlusion,true
cddc3f69,cddc3f69:195,fe8078c8,195,1,00:00:01,2025-01-23T13:00:01,13:00:01,0.604427,0.938889,0,light occlusion,false
cddc3f69,cddc3f69:198,32d47aa2,198,1,00:00:01,2025-01-23T13:00:01,13:00:01,0.183073,0.759259,2,heavy occlusion,true
cddc3f69,cddc3f69:212,79791650,212,1,00:00:01,2025-01-23T13:00:01,13:00:01,0.614323,0.95,0,light occlusion,false
cddc3f69,cddc3f69:215,ed85417f,215,1,00:00:01,2025-01-23T13:00:01,13:00:01,0.367708,0.925926,1,moderate occlusion,true
cddc3f69,cddc3f69:215,ed85417f,215,2,00:00:02,2025-01-23T13:00:02,13:00:02,0.379167,0.936111,0,light occlusion,true
cddc3f69,cddc3f69:219,424089fb,219,1,00:00:01,2025-01-23T13:00:01,13:00:01,0.048958,0.999074,2,heavy occlusion,false
cddc3f69,cddc3f69:220,2207a262,220,1,00:00:01,2025-01-23T13:00:01,13:00:01,0.835417,0.973148,2,heavy occlusion,false
cddc3f69,cddc3f69:220,2207a262,220,2,00:00:02,2025-01-23T13:00:02,13:00:02,0.97526,0.862037,2,heavy occlusion,false
cddc3f69,cddc3f69:243,6c5aaf59,243,2,00:00:02,2025-01-23T13:00:02,13:00:02,0.73125,0.963889,2,heavy occlusion,false
cddc3f69,cddc3f69:247,dfca9f26,247,2,00:00:02,2025-01-23T13:00:02,13:00:02,0.957812,0.997222,2,heavy occlusion,false
cddc3f69,cddc3f69:249,b078c19e,249,2,00:00:02,2025-01-23T13:00:02,13:00:02,0.410417,0.933333,1,moderate occlusion,false
cddc3f69,cddc3f69:252,2b83fca6,252,2,00:00:02,2025-01-23T13:00:02,13:00:02,0.916667,0.999074,2,heavy occlusion,false
cddc3f69,cddc3f69:252,2b83fca6,252,3,00:00:03,2025-01-23T13:00:03,13:00:03,0.940104,0.983333,2,heavy occlusion,false
cddc3f69,cddc3f69:261,f0a462eb,261,2,00:00:02,2025-01-23T13:00:02,13:00:02,0.426823,0.963889,1,moderate occlusion,false
cddc3f69,cddc3f69:263,b728b7dc,263,2,00:00:02,2025-01-23T13:00:02,13:00:02,0.816927,0.998148,2,heavy occlusion,false
cddc3f69,cddc3f69:267,6a47ef48,267,2,00:00:02,2025-01-23T13:00:02,13:00:02,0.377083,0.707407,1,moderate occlusion,false
cddc3f69,cddc3f69:268,63386185,268,2,00:00:02,2025-01-23T13:00:02,13:00:02,0.71849,0.942593,2,heavy occlusion,false
cddc3f69,cddc3f69:276,9ee57208,276,2,00:00:02,2025-01-23T13:00:02,13:00:02,0.575781,0.990741,1,moderate occlusion,false
cddc3f69,cddc3f69:277,c28809f9,277,2,00:00:02,2025-01-23T13:00:02,13:00:02,0.826823,0.989815,2,heavy occlusion,false
cddc3f69,cddc3f69:288,7c460bd8,288,2,00:00:02,2025-01-23T13:00:02,13:00:02,0.971354,0.985185,2,heavy occlusion,false
cddc3f69,cddc3f69:293,72184598,293,2,00:00:02,2025-01-23T13:00:02,13:00:02,0.219271,0.996296,1,moderate occlusion,false
cddc3f69,cddc3f69:296,9f1ba2f9,296,2,00:00:02,2025-01-23T13:00:02,13:00:02,0.61224,0.975926,1,moderate occlusion,false
cddc3f69,cddc3f69:303,241d04dc,303,2,00:00:02,2025-01-23T13:00:02,13:00:02,0.420573,0.725926,1,moderate occlusion,false
cddc3f69,cddc3f69:303,241d04dc,303,3,00:00:03,2025-01-23T13:00:03,13:00:03,0.149479,0.824074,2,heavy occlusion,true
cddc3f69,cddc3f69:303,241d04dc,303,4,00:00:04,2025-01-23T13:00:04,13:00:04,0.026042,0.861111,1,moderate occlusion,false
cddc3f69,cddc3f69:309,06e5fb39,309,2,00:00:02,2025-01-23T13:00:02,13:00:02,0.634375,0.994444,0,light occlusion,false
cddc3f69,cddc3f69:309,06e5fb39,309,3,00:00:03,2025-01-23T13:00:03,13:00:03,0.644271,0.981481,1,moderate occlusion,false
cddc3f69,cddc3f69:311,a7f5e0a5,311,2,00:00:02,2025-01-23T13:00:02,13:00:02,0.477083,0.725926,1,moderate occlusion,false
cddc3f69,cddc3f69:311,a7f5e0a5,311,3,00:00:03,2025-01-23T13:00:03,13:00:03,0.483333,0.712037,0,light occlusion,false
cddc3f69,cddc3f69:312,7a5b0ae5,312,3,00:00:03,2025-01-23T13:00:03,13:00:03,0.055729,0.989815,2,heavy occlusion,false
cddc3f69,cddc3f69:323,c7f8312d,323,3,00:00:03,2025-01-23T13:00:03,13:00:03,0.967448,0.925926,2,heavy occlusion,false
cddc3f69,cddc3f69:324,305cf4d1,324,3,00:00:03,2025-01-23T13:00:03,13:00:03,0.554427,0.994444,1,moderate occlusion,false
cddc3f69,cddc3f69:330,1b89ae83,330,3,00:00:03,2025-01-23T13:00:03,13:00:03,0.257031,0.999074,1,moderate occlusion,false
cddc3f69,cddc3f69:333,4b2390e8,333,3,00:00:03,2025-01-23T13:00:03,13:00:03,0.64974,0.978704,1,moderate occlusion,false
cddc3f69,cddc3f69:334,8506ac02,334,3,00:00:03,2025-01-23T13:00:03,13:00:03,0.21276,0.769444,1,moderate occlusion,true
cddc3f69,cddc3f69:334,8506ac02,334,4,00:00:04,2025-01-23T13:00:04,13:00:04,0.048438,0.788889,2,heavy occlusion,false
cddc3f69,cddc3f69:338,4d96020f,338,3,00:00:03,2025-01-23T13:00:03,13:00:03,0.945312,0.993519,1,moderate occlusion,false
cddc3f69,cddc3f69:340,6eb6a17c,340,3,00:00:03,2025-01-23T13:00:03,13:00:03,0.533594,0.997222,1,moderate occlusion,false
cddc3f69,cddc3f69:341,18a9e16d,341,3,00:00:03,2025-01-23T13:00:03,13:00:03,0.624479,0.987037,1,moderate occlusion,false
cddc3f69,cddc3f69:342,bd564e29,342,3,00:00:03,2025-01-23T13:00:03,13:00:03,0.873177,0.69537,2,heavy occlusion,false
cddc3f69,cddc3f69:343,be55c81e,343,3,00:00:03,2025-01-23T13:00:03,13:00:03,0.942969,0.991667,1,moderate occlusion,false
cddc3f69,cddc3f69:348,7b071924,348,3,00:00:03,2025-01-23T13:00:03,13:00:03,0.476562,0.725,0,light occlusion,false
cddc3f69,cddc3f69:349,cb6857dc,349,3,00:00:03,2025-01-23T13:00:03,13:00:03,0.1125,0.825,1,moderate occlusion,false
cddc3f69,cddc3f69:349,cb6857dc,349,4,00:00:04,2025-01-23T13:00:04,13:00:04,0.020313,0.85,2,heavy occlusion,false
cddc3f69,cddc3f69:351,407c033f,351,3,00:00:03,2025-01-23T13:00:03,13:00:03,0.316146,1.0,1,moderate occlusion,false
cddc3f69,cddc3f69:355,2d6bcc4d,355,3,00:00:03,2025-01-23T13:00:03,13:00:03,0.690365,0.972222,1,moderate occlusion,false
cddc3f69,cddc3f69:355,2d6bcc4d,355,4,00:00:04,2025-01-23T13:00:04,13:00:04,0.286979,0.914815,2,heavy occlusion,true
cddc3f69,cddc3f69:356,7a1c55cb,356,3,00:00:03,2025-01-23T13:00:03,13:00:03,0.061458,0.997222,2,heavy occlusion,false
cddc3f69,cddc3f69:357,46fa80c3,357,3,00:00:03,2025-01-23T13:00:03,13:00:03,0.282552,0.99537,1,moderate occlusion,false
cddc3f69,cddc3f69:361,dada7a08,361,3,00:00:03,2025-01-23T13:00:03,13:00:03,0.49375,0.994444,1,moderate occlusion,false
cddc3f69,cddc3f69:366,2db5f381,366,3,00:00:03,2025-01-23T13:00:03,13:00:03,0.051562,0.99537,1,moderate occlusion,false
cddc3f69,cddc3f69:370,4fa4d2a4,370,3,00:00:03,2025-01-23T13:00:03,13:00:03,0.790885,0.997222,1,moderate occlusion,false
cddc3f69,cddc3f69:370,4fa4d2a4,370,4,00:00:04,2025-01-23T13:00:04,13:00:04,0.28099,0.997222,1,moderate occlusion,false
cddc3f69,cddc3f69:370,4fa4d2a4,370,5,00:00:05,2025-01-23T13:00:05,13:00:05,0.069531,0.993519,2,heavy occlusion,false
cddc3f69,cddc3f69:375,2755025f,375,3,00:00:03,2025-01-23T13:00:03,13:00:03,0.970052,1.0,2,heavy occlusion,false
cddc3f69,cddc3f69:398,dbc8632a,398,4,00:00:04,2025-01-23T13:00:04,13:00:04,0.542708,0.932407,2,heavy occlusion,false
cddc3f69,cddc3f69:398,dbc8632a,398,5,00:00:05,2025-01-23T13:00:05,13:00:05,0.352344,0.999074,2,heavy occlusion,false
cddc3f69,cddc3f69:398,dbc8632a,398,6,00:00:06,2025-01-23T13:00:06,13:00:06,0.343229,0.974074,2,heavy occlusion,true
cddc3f69,cddc3f69:398,dbc8632a,398,7,00:00:07,2025-01-23T13:00:07,13:00:07,0.211979,0.967593,2,heavy occlusion,true
cddc3f69,cddc3f69:398,dbc8632a,398,8,00:00:08,2025-01-23T13:00:08,13:00:08,0.076563,0.994444,2,heavy occlusion,false
cddc3f69,cddc3f69:401,98709306,401,4,00:00:04,2025-01-23T13:00:04,13:00:04,0.382812,0.99537,2,heavy occlusion,false
cddc3f69,cddc3f69:401,98709306,401,5,00:00:05,2025-01-23T13:00:05,13:00:05,0.172396,0.998148,1,moderate occlusion,false
cddc3f69,cddc3f69:401,98709306,401,6,00:00:06,2025-01-23T13:00:06,13:00:06,0.0875,0.997222,2,heavy occlusion,false
cddc3f69,cddc3f69:405,c0680122,405,4,00:00:04,2025-01-23T13:00:04,13:00:04,0.514323,0.990741,2,heavy occlusion,false
cddc3f69,cddc3f69:405,c0680122,405,5,00:00:05,2025-01-23T13:00:05,13:00:05,0.485156,0.973148,2,heavy occlusion,false
cddc3f69,cddc3f69:413,99c263e3,413,4,00:00:04,2025-01-23T13:00:04,13:00:04,0.554167,0.993519,1,moderate occlusion,false
cddc3f69,cddc3f69:419,b7e998ba,419,4,00:00:04,2025-01-23T13:00:04,13:00:04,0.904427,1.0,2,heavy occlusion,false
cddc3f69,cddc3f69:421,05d939c7,421,4,00:00:04,2025-01-23T13:00:04,13:00:04,0.697656,0.988889,2,heavy occlusion,false
cddc3f69,cddc3f69:424,ee47d408,424,4,00:00:04,2025-01-23T13:00:04,13:00:04,0.490104,0.996296,2,heavy occlusion,false
cddc3f69,cddc3f69:426,3816eaa3,426,4,00:00:04,2025-01-23T13:00:04,13:00:04,0.058073,0.994444,2,heavy occlusion,false
cddc3f69,cddc3f69:428,7a41513e,428,4,00:00:04,2025-01-23T13:00:04,13:00:04,0.721354,0.999074,2,heavy occlusion,false
cddc3f69,cddc3f69:428,7a41513e,428,5,00:00:05,2025-01-23T13:00:05,13:00:05,0.844792,0.997222,2,heavy occlusion,false
cddc3f69,cddc3f69:428,7a41513e,428,6,00:00:06,2025-01-23T13:00:06,13:00:06,0.905469,0.999074,1,moderate occlusion,false
cddc3f69,cddc3f69:431,ab5abba1,431,4,00:00:04,2025-01-23T13:00:04,13:00:04,0.607031,0.992593,2,heavy occlusion,false
cddc3f69,cddc3f69:431,ab5abba1,431,5,00:00:05,2025-01-23T13:00:05,13:00:05,0.40026,0.994444,1,moderate occlusion,false
cddc3f69,cddc3f69:431,ab5abba1,431,6,00:00:06,2025-01-23T13:00:06,13:00:06,0.244271,0.99537,1,moderate occlusion,true
cddc3f69,cddc3f69:431,ab5abba1,431,7,00:00:07,2025-01-23T13:00:07,13:00:07,0.097656,0.997222,1,moderate occlusion,false
cddc3f69,cddc3f69:431,ab5abba1,431,8,00:00:08,2025-01-23T13:00:08,13:00:08,0.065885,0.989815,2,heavy occlusion,false
cddc3f69,cddc3f69:443,6a93278d,443,4,00:00:04,2025-01-23T13:00:04,13:00:04,0.747396,1.0,2,heavy occlusion,false
cddc3f69,cddc3f69:451,5e77cfe6,451,4,00:00:04,2025-01-23T13:00:04,13:00:04,0.848437,0.991667,2,heavy occlusion,false
cddc3f69,cddc3f69:451,5e77cfe6,451,5,00:00:05,2025-01-23T13:00:05,13:00:05,0.845833,0.996296,2,heavy occlusion,false
cddc3f69,cddc3f69:451,5e77cfe6,451,6,00:00:06,2025-01-23T13:00:06,13:00:06,0.891146,0.999074,1,moderate occlusion,false
cddc3f69,cddc3f69:454,525cdb81,454,4,00:00:04,2025-01-23T13:00:04,13:00:04,0.692448,0.992593,2,heavy occlusion,false
cddc3f69,cddc3f69:455,5545427b,455,4,00:00:04,2025-01-23T13:00:04,13:00:04,0.761198,0.805556,2,heavy occlusion,false
cddc3f69,cddc3f69:455,5545427b,455,5,00:00:05,2025-01-23T13:00:05,13:00:05,0.757812,0.802778,2,heavy occlusion,false
cddc3f69,cddc3f69:457,9686648c,457,4,00:00:04,2025-01-23T13:00:04,13:00:04,0.42474,0.77037,2,heavy occlusion,false
cddc3f69,cddc3f69:457,9686648c,457,5,00:00:05,2025-01-23T13:00:05,13:00:05,0.376042,0.801852,1,moderate occlusion,false
cddc3f69,cddc3f69:483,ee66c5a9,483,4,00:00:04,2025-01-23T13:00:04,13:00:04,0.804688,0.87963,1,moderate occlusion,false
cddc3f69,cddc3f69:490,dead9072,490,4,00:00:04,2025-01-23T13:00:04,13:00:04,0.621875,0.925926,2,heavy occlusion,false
cddc3f69,cddc3f69:496,12241190,496,4,00:00:04,2025-01-23T13:00:04,13:00:04,0.852083,0.987963,1,moderate occlusion,false
cddc3f69,cddc3f69:496,12241190,496,5,00:00:05,2025-01-23T13:00:05,13:00:05,0.829948,0.864815,2,heavy occlusion,false
cddc3f69,cddc3f69:496,12241190,496,6,00:00:06,2025-01-23T13:00:06,13:00:06,0.873958,0.857407,2,heavy occlusion,false
cddc3f69,cddc3f69:512,771f2c3e,512,4,00:00:04,2025-01-23T13:00:04,13:00:04,0.459635,0.872222,2,heavy occlusion,false
cddc3f69,cddc3f69:512,771f2c3e,512,5,00:00:05,2025-01-23T13:00:05,13:00:05,0.357292,0.986111,2,heavy occlusion,true
cddc3f69,cddc3f69:512,771f2c3e,512,6,00:00:06,2025-01-23T13:00:06,13:00:06,0.347656,0.972222,2,heavy occlusion,true
cddc3f69,cddc3f69:514,71eb475a,514,4,00:00:04,2025-01-23T13:00:04,13:00:04,0.72526,0.998148,1,moderate occlusion,false
cddc3f69,cddc3f69:514,71eb475a,514,5,00:00:05,2025-01-23T13:00:05,13:00:05,0.719531,0.998148,1,moderate occlusion,false
cddc3f69,cddc3f69:515,a1bc7582,515,4,00:00:04,2025-01-23T13:00:04,13:00:04,0.184375,0.847222,2,heavy occlusion,true
cddc3f69,cddc3f69:515,a1bc7582,515,5,00:00:05,2025-01-23T13:00:05,13:00:05,0.094792,0.899074,2,heavy occlusion,false
cddc3f69,cddc3f69:516,6b99a591,516,4,00:00:04,2025-01-23T13:00:04,13:00:04,0.961458,0.99537,2,heavy occlusion,false
cddc3f69,cddc3f69:516,6b99a591,516,5,00:00:05,2025-01-23T13:00:05,13:00:05,0.952604,0.998148,2,heavy occlusion,false
cddc3f69,cddc3f69:516,6b99a591,516,6,00:00:06,2025-01-23T13:00:06,13:00:06,0.95651,0.997222,2,heavy occlusion,false
cddc3f69,cddc3f69:518,dbe63f53,518,4,00:00:04,2025-01-23T13:00:04,13:00:04,0.964583,0.913889,2,heavy occlusion,false
cddc3f69,cddc3f69:518,dbe63f53,518,5,00:00:05,2025-01-23T13:00:05,13:00:05,0.904427,0.941667,2,heavy occlusion,false
cddc3f69,cddc3f69:518,dbe63f53,518,6,00:00:06,2025-01-23T13:00:06,13:00:06,0.975,0.819444,2,heavy occlusion,false
cddc3f69,cddc3f69:526,862a4450,526,5,00:00:05,2025-01-23T13:00:05,13:00:05,0.645573,0.998148,2,heavy occlusion,false
cddc3f69,cddc3f69:526,862a4450,526,6,00:00:06,2025-01-23T13:00:06,13:00:06,0.87474,0.998148,2,heavy occlusion,false
cddc3f69,cddc3f69:526,862a4450,526,7,00:00:07,2025-01-23T13:00:07,13:00:07,0.905208,0.998148,2,heavy occlusion,false
cddc3f69,cddc3f69:528,36a461ee,528,5,00:00:05,2025-01-23T13:00:05,13:00:05,0.201042,0.999074,2,heavy occlusion,false
cddc3f69,cddc3f69:533,a6fc30ff,533,5,00:00:05,2025-01-23T13:00:05,13:00:05,0.521875,0.97963,2,heavy occlusion,false
cddc3f69,cddc3f69:533,a6fc30ff,533,6,00:00:06,2025-01-23T13:00:06,13:00:06,0.567187,0.992593,1,moderate occlusion,false
cddc3f69,cddc3f69:533,a6fc30ff,533,7,00:00:07,2025-01-23T13:00:07,13:00:07,0.536198,0.994444,1,moderate occlusion,false
cddc3f69,cddc3f69:533,a6fc30ff,533,8,00:00:08,2025-01-23T13:00:08,13:00:08,0.454167,0.996296,2,heavy occlusion,false
cddc3f69,cddc3f69:533,a6fc30ff,533,9,00:00:09,2025-01-23T13:00:09,13:00:09,0.435417,1.0,2,heavy occlusion,false
cddc3f69,cddc3f69:537,9032e724,537,5,00:00:05,2025-01-23T13:00:05,13:00:05,0.723177,0.997222,2,heavy occlusion,false
cddc3f69,cddc3f69:538,a077970d,538,5,00:00:05,2025-01-23T13:00:05,13:00:05,0.577344,0.898148,2,heavy occlusion,false
cddc3f69,cddc3f69:539,70ac2d3a,539,5,00:00:05,2025-01-23T13:00:05,13:00:05,0.792448,0.891667,2,heavy occlusion,false
cddc3f69,cddc3f69:540,3529e81b,540,5,00:00:05,2025-01-23T13:00:05,13:00:05,0.404167,0.968519,1,moderate occlusion,false
cddc3f69,cddc3f69:544,44e3c72b,544,5,00:00:05,2025-01-23T13:00:05,13:00:05,0.540104,0.914815,2,heavy occlusion,false
cddc3f69,cddc3f69:544,44e3c72b,544,6,00:00:06,2025-01-23T13:00:06,13:00:06,0.572917,0.982407,2,heavy occlusion,false
cddc3f69,cddc3f69:544,44e3c72b,544,7,00:00:07,2025-01-23T13:00:07,13:00:07,0.569271,0.989815,1,moderate occlusion,false
cddc3f69,cddc3f69:548,de1a9cd7,548,5,00:00:05,2025-01-23T13:00:05,13:00:05,0.432031,0.737963,2,heavy occlusion,false
cddc3f69,cddc3f69:554,e39b21ac,554,5,00:00:05,2025-01-23T13:00:05,13:00:05,0.464583,0.957407,2,heavy occlusion,false
cddc3f69,cddc3f69:554,e39b21ac,554,6,00:00:06,2025-01-23T13:00:06,13:00:06,0.485417,0.990741,2,heavy occlusion,false
cddc3f69,cddc3f69:554,e39b21ac,554,7,00:00:07,2025-01-23T13:00:07,13:00:07,0.428125,0.998148,2,heavy occlusion,false
cddc3f69,cddc3f69:554,e39b21ac,554,8,00:00:08,2025-01-23T13:00:08,13:00:08,0.259115,0.99537,1,moderate occlusion,true
cddc3f69,cddc3f69:554,e39b21ac,554,9,00:00:09,2025-01-23T13:00:09,13:00:09,0.21276,0.997222,1,moderate occlusion,false
cddc3f69,cddc3f69:577,94f358d5,577,5,00:00:05,2025-01-23T13:00:05,13:00:05,0.522396,0.99537,2,heavy occlusion,false
cddc3f69,cddc3f69:578,0547c085,578,5,00:00:05,2025-01-23T13:00:05,13:00:05,0.941146,0.977778,2,heavy occlusion,false
cddc3f69,cddc3f69:582,731eedcd,582,5,00:00:05,2025-01-23T13:00:05,13:00:05,0.03724,0.987963,2,heavy occlusion,false
cddc3f69,cddc3f69:582,731eedcd,582,6,00:00:06,2025-01-23T13:00:06,13:00:06,0.021354,0.965741,2,heavy occlusion,false
cddc3f69,cddc3f69:585,327532bc,585,5,00:00:05,2025-01-23T13:00:05,13:00:05,0.613021,0.987037,1,moderate occlusion,false
cddc3f69,cddc3f69:589,f597429a,589,5,00:00:05,2025-01-23T13:00:05,13:00:05,0.252604,0.946296,2,heavy occlusion,true
cddc3f69,cddc3f69:589,f597429a,589,6,00:00:06,2025-01-23T13:00:06,13:00:06,0.261458,0.997222,2,heavy occlusion,false
cddc3f69,cddc3f69:593,44627ebf,593,5,00:00:05,2025-01-23T13:00:05,13:00:05,0.627083,0.991667,2,heavy occlusion,false
cddc3f69,cddc3f69:599,cb9998da,599,5,00:00:05,2025-01-23T13:00:05,13:00:05,0.590365,0.986111,2,heavy occlusion,false
cddc3f69,cddc3f69:599,cb9998da,599,6,00:00:06,2025-01-23T13:00:06,13:00:06,0.660417,0.990741,1,moderate occlusion,false
cddc3f69,cddc3f69:599,cb9998da,599,7,00:00:07,2025-01-23T13:00:07,13:00:07,0.660677,1.0,1,moderate occlusion,false
cddc3f69,cddc3f69:599,cb9998da,599,8,00:00:08,2025-01-23T13:00:08,13:00:08,0.641146,1.0,1,moderate occlusion,false
cddc3f69,cddc3f69:599,cb9998da,599,9,00:00:09,2025-01-23T13:00:09,13:00:09,0.651563,1.0,1,moderate occlusion,false
cddc3f69,cddc3f69:602,3903e8d7,602,5,00:00:05,2025-01-23T13:00:05,13:00:05,0.772396,0.99537,2,heavy occlusion,false
cddc3f69,cddc3f69:602,3903e8d7,602,6,00:00:06,2025-01-23T13:00:06,13:00:06,0.857292,0.996296,1,moderate occlusion,false
cddc3f69,cddc3f69:603,ebb9c828,603,5,00:00:05,2025-01-23T13:00:05,13:00:05,0.778646,0.998148,2,heavy occlusion,false
cddc3f69,cddc3f69:603,ebb9c828,603,6,00:00:06,2025-01-23T13:00:06,13:00:06,0.783333,0.997222,0,light occlusion,false
cddc3f69,cddc3f69:617,98b9d30f,617,5,00:00:05,2025-01-23T13:00:05,13:00:05,0.726562,0.803704,2,heavy occlusion,false
cddc3f69,cddc3f69:617,98b9d30f,617,6,00:00:06,2025-01-23T13:00:06,13:00:06,0.735938,0.782407,2,heavy occlusion,false
cddc3f69,cddc3f69:625,59d37e7c,625,5,00:00:05,2025-01-23T13:00:05,13:00:05,0.438281,0.989815,2,heavy occlusion,false
cddc3f69,cddc3f69:625,59d37e7c,625,6,00:00:06,2025-01-23T13:00:06,13:00:06,0.419271,0.989815,2,heavy occlusion,false
cddc3f69,cddc3f69:634,3479d709,634,5,00:00:05,2025-01-23T13:00:05,13:00:05,0.454688,0.986111,2,heavy occlusion,false
cddc3f69,cddc3f69:634,3479d709,634,6,00:00:06,2025-01-23T13:00:06,13:00:06,0.447396,0.996296,2,heavy occlusion,false
cddc3f69,cddc3f69:634,3479d709,634,7,00:00:07,2025-01-23T13:00:07,13:00:07,0.305208,1.0,2,heavy occlusion,false
cddc3f69,cddc3f69:634,3479d709,634,8,00:00:08,2025-01-23T13:00:08,13:00:08,0.082031,0.994444,2,heavy occlusion,false
cddc3f69,cddc3f69:637,108cc5ab,637,5,00:00:05,2025-01-23T13:00:05,13:00:05,0.271354,0.919444,2,heavy occlusion,true
cddc3f69,cddc3f69:637,108cc5ab,637,6,00:00:06,2025-01-23T13:00:06,13:00:06,0.294531,0.921296,2,heavy occlusion,true
cddc3f69,cddc3f69:637,108cc5ab,637,7,00:00:07,2025-01-23T13:00:07,13:00:07,0.29349,0.891667,2,heavy occlusion,true
cddc3f69,cddc3f69:640,11584dca,640,5,00:00:05,2025-01-23T13:00:05,13:00:05,0.271615,0.918519,2,heavy occlusion,true
cddc3f69,cddc3f69:640,11584dca,640,6,00:00:06,2025-01-23T13:00:06,13:00:06,0.276042,0.918519,2,heavy occlusion,true
cddc3f69,cddc3f69:641,66e65a48,641,6,00:00:06,2025-01-23T13:00:06,13:00:06,0.96875,0.994444,2,heavy occlusion,false
cddc3f69,cddc3f69:648,6e01a995,648,6,00:00:06,2025-01-23T13:00:06,13:00:06,0.242448,0.984259,2,heavy occlusion,true
cddc3f69,cddc3f69:651,63453706,651,6,00:00:06,2025-01-23T13:00:06,13:00:06,0.648958,0.79537,2,heavy occlusion,false
cddc3f69,cddc3f69:662,2d4b80bc,662,6,00:00:06,2025-01-23T13:00:06,13:00:06,0.127604,1.0,1,moderate occlusion,false
cddc3f69,cddc3f69:665,af39fb1b,665,6,00:00:06,2025-01-23T13:00:06,13:00:06,0.478125,0.982407,2,heavy occlusion,false
cddc3f69,cddc3f69:665,af39fb1b,665,7,00:00:07,2025-01-23T13:00:07,13:00:07,0.483854,0.982407,2,heavy occlusion,false
cddc3f69,cddc3f69:667,d350f2c4,667,6,00:00:06,2025-01-23T13:00:06,13:00:06,0.701562,0.998148,2,heavy occlusion,false
cddc3f69,cddc3f69:670,46f102be,670,6,00:00:06,2025-01-23T13:00:06,13:00:06,0.965885,0.993519,2,heavy occlusion,false
cddc3f69,cddc3f69:671,f7b91ed3,671,6,00:00:06,2025-01-23T13:00:06,13:00:06,0.173177,0.969444,2,heavy occlusion,true
cddc3f69,cddc3f69:671,f7b91ed3,671,7,00:00:07,2025-01-23T13:00:07,13:00:07,0.050781,0.997222,2,heavy occlusion,false
cddc3f69,cddc3f69:672,f1835af2,672,6,00:00:06,2025-01-23T13:00:06,13:00:06,0.44401,0.99537,2,heavy occlusion,false
cddc3f69,cddc3f69:673,a847624c,673,6,00:00:06,2025-01-23T13:00:06,13:00:06,0.607292,0.987963,1,moderate occlusion,false
cddc3f69,cddc3f69:694,c0dcf800,694,6,00:00:06,2025-01-23T13:00:06,13:00:06,0.509375,0.768519,2,heavy occlusion,false
cddc3f69,cddc3f69:694,c0dcf800,694,7,00:00:07,2025-01-23T13:00:07,13:00:07,0.509896,0.768519,2,heavy occlusion,false
cddc3f69,cddc3f69:704,745efc53,704,6,00:00:06,2025-01-23T13:00:06,13:00:06,0.629687,0.993519,0,light occlusion,false
cddc3f69,cddc3f69:712,2b1057dd,712,6,00:00:06,2025-01-23T13:00:06,13:00:06,0.196354,0.85,2,heavy occlusion,true
cddc3f69,cddc3f69:716,7391764d,716,6,00:00:06,2025-01-23T13:00:06,13:00:06,0.919792,0.987963,2,heavy occlusion,false
cddc3f69,cddc3f69:718,f41739b0,718,6,00:00:06,2025-01-23T13:00:06,13:00:06,0.482292,0.915741,2,heavy occlusion,false
cddc3f69,cddc3f69:721,4abf94e3,721,6,00:00:06,2025-01-23T13:00:06,13:00:06,0.103125,1.0,2,heavy occlusion,false
cddc3f69,cddc3f69:724,c55d390c,724,6,00:00:06,2025-01-23T13:00:06,13:00:06,0.707812,0.823148,2,heavy occlusion,false
cddc3f69,cddc3f69:724,c55d390c,724,7,00:00:07,2025-01-23T13:00:07,13:00:07,0.696354,0.805556,1,moderate occlusion,false
cddc3f69,cddc3f69:730,a885a029,730,6,00:00:06,2025-01-23T13:00:06,13:00:06,0.409375,0.812963,2,heavy occlusion,false
cddc3f69,cddc3f69:730,a885a029,730,7,00:00:07,2025-01-23T13:00:07,13:00:07,0.39349,0.993519,2,heavy occlusion,true
cddc3f69,cddc3f69:731,31eec3d3,731,6,00:00:06,2025-01-23T13:00:06,13:00:06,0.689323,0.772222,2,heavy occlusion,false
cddc3f69,cddc3f69:733,94f6196e,733,6,00:00:06,2025-01-23T13:00:06,13:00:06,0.533073,0.753704,2,heavy occlusion,false
cddc3f69,cddc3f69:733,94f6196e,733,7,00:00:07,2025-01-23T13:00:07,13:00:07,0.483594,0.807407,2,heavy occlusion,false
cddc3f69,cddc3f69:733,94f6196e,733,8,00:00:08,2025-01-23T13:00:08,13:00:08,0.41849,0.724074,2,heavy occlusion,false
cddc3f69,cddc3f69:749,ff2a32a0,749,6,00:00:06,2025-01-23T13:00:06,13:00:06,0.4,0.803704,2,heavy occlusion,false
cddc3f69,cddc3f69:753,6130f725,753,6,00:00:06,2025-01-23T13:00:06,13:00:06,0.699479,0.812963,0,light occlusion,false
cddc3f69,cddc3f69:754,2a9fba0e,754,6,00:00:06,2025-01-23T13:00:06,13:00:06,0.439583,0.993519,2,heavy occlusion,false
cddc3f69,cddc3f69:759,c99fd706,759,6,00:00:06,2025-01-23T13:00:06,13:00:06,0.588542,0.942593,2,heavy occlusion,false
cddc3f69,cddc3f69:759,c99fd706,759,7,00:00:07,2025-01-23T13:00:07,13:00:07,0.55651,0.988889,2,heavy occlusion,false
cddc3f69,cddc3f69:759,c99fd706,759,8,00:00:08,2025-01-23T13:00:08,13:00:08,0.454688,1.0,2,heavy occlusion,false
cddc3f69,cddc3f69:759,c99fd706,759,9,00:00:09,2025-01-23T13:00:09,13:00:09,0.426042,0.997222,2,heavy occlusion,false
cddc3f69,cddc3f69:762,3660725f,762,6,00:00:06,2025-01-23T13:00:06,13:00:06,0.647917,0.999074,0,light occlusion,false
cddc3f69,cddc3f69:770,fc59cc06,770,6,00:00:06,2025-01-23T13:00:06,13:00:06,0.447917,0.993519,1,moderate occlusion,false
cddc3f69,cddc3f69:775,53401f13,775,6,00:00:06,2025-01-23T13:00:06,13:00:06,0.707812,0.82963,0,light occlusion,false
cddc3f69,cddc3f69:776,cf3eb983,776,7,00:00:07,2025-01-23T13:00:07,13:00:07,0.033073,0.983333,2,heavy occlusion,false
cddc3f69,cddc3f69:790,b25b6082,790,7,00:00:07,2025-01-23T13:00:07,13:00:07,0.853906,1.0,2,heavy occlusion,false
cddc3f69,cddc3f69:791,d0f371e5,791,7,00:00:07,2025-01-23T13:00:07,13:00:07,0.136458,0.927778,2,heavy occlusion,false
cddc3f69,cddc3f69:795,731ce7c4,795,7,00:00:07,2025-01-23T13:00:07,13:00:07,0.74375,0.813889,2,heavy occlusion,false
cddc3f69,cddc3f69:795,731ce7c4,795,8,00:00:08,2025-01-23T13:00:08,13:00:08,0.713802,0.94537,1,moderate occlusion,false
cddc3f69,cddc3f69:796,24a46988,796,7,00:00:07,2025-01-23T13:00:07,13:00:07,0.035677,0.867593,2,heavy occlusion,false
cddc3f69,cddc3f69:798,0b72b06a,798,7,00:00:07,2025-01-23T13:00:07,13:00:07,0.704427,0.837037,0,light occlusion,false
cddc3f69,cddc3f69:801,1be0d8e7,801,7,00:00:07,2025-01-23T13:00:07,13:00:07,0.522396,0.787037,2,heavy occlusion,false
cddc3f69,cddc3f69:810,99507dd5,810,7,00:00:07,2025-01-23T13:00:07,13:00:07,0.142708,0.925,2,heavy occlusion,true
cddc3f69,cddc3f69:812,f27e4426,812,7,00:00:07,2025-01-23T13:00:07,13:00:07,0.565365,0.987963,2,heavy occlusion,false
cddc3f69,cddc3f69:814,89e6b56e,814,7,00:00:07,2025-01-23T13:00:07,13:00:07,0.032552,0.97963,2,heavy occlusion,false
cddc3f69,cddc3f69:818,da1ee6a6,818,7,00:00:07,2025-01-23T13:00:07,13:00:07,0.754687,0.755556,2,heavy occlusion,false
cddc3f69,cddc3f69:818,da1ee6a6,818,8,00:00:08,2025-01-23T13:00:08,13:00:08,0.71901,0.82963,1,moderate occlusion,false
cddc3f69,cddc3f69:818,da1ee6a6,818,9,00:00:09,2025-01-23T13:00:09,13:00:09,0.717708,0.839815,1,moderate occlusion,false
cddc3f69,cddc3f69:824,8b77dc11,824,7,00:00:07,2025-01-23T13:00:07,13:00:07,0.288542,0.989815,2,heavy occlusion,true
cddc3f69,cddc3f69:827,0c8c45c7,827,7,00:00:07,2025-01-23T13:00:07,13:00:07,0.327083,0.942593,2,heavy occlusion,true
cddc3f69,cddc3f69:827,0c8c45c7,827,8,00:00:08,2025-01-23T13:00:08,13:00:08,0.241146,0.980556,2,heavy occlusion,true
cddc3f69,cddc3f69:839,c87c9ee3,839,7,00:00:07,2025-01-23T13:00:07,13:00:07,0.472917,0.875926,2,heavy occlusion,false
cddc3f69,cddc3f69:839,c87c9ee3,839,8,00:00:08,2025-01-23T13:00:08,13:00:08,0.377083,0.751852,2,heavy occlusion,false
cddc3f69,cddc3f69:839,c87c9ee3,839,9,00:00:09,2025-01-23T13:00:09,13:00:09,0.367188,0.837037,2,heavy occlusion,false
cddc3f69,cddc3f69:847,d1552d2b,847,7,00:00:07,2025-01-23T13:00:07,13:00:07,0.114323,0.999074,2,heavy occlusion,false
cddc3f69,cddc3f69:850,99ea8b32,850,7,00:00:07,2025-01-23T13:00:07,13:00:07,0.944531,0.837963,2,heavy occlusion,false
cddc3f69,cddc3f69:851,58b0f99f,851,7,00:00:07,2025-01-23T13:00:07,13:00:07,0.529948,0.982407,2,heavy occlusion,false
cddc3f69,cddc3f69:851,58b0f99f,851,8,00:00:08,2025-01-23T13:00:08,13:00:08,0.492188,0.938889,2,heavy occlusion,false
cddc3f69,cddc3f69:856,60e4afc1,856,7,00:00:07,2025-01-23T13:00:07,13:00:07,0.783333,0.989815,1,moderate occlusion,false
cddc3f69,cddc3f69:856,60e4afc1,856,8,00:00:08,2025-01-23T13:00:08,13:00:08,0.872917,1.0,1,moderate occlusion,false
cddc3f69,cddc3f69:856,60e4afc1,856,9,00:00:09,2025-01-23T13:00:09,13:00:09,0.893229,0.996296,1,moderate occlusion,false
cddc3f69,cddc3f69:866,d47a1ad8,866,8,00:00:08,2025-01-23T13:00:08,13:00:08,0.979427,0.908333,1,moderate occlusion,false
cddc3f69,cddc3f69:873,78bc2fa8,873,8,00:00:08,2025-01-23T13:00:08,13:00:08,0.48776,0.962037,2,heavy occlusion,false
cddc3f69,cddc3f69:874,15f2e794,874,8,00:00:08,2025-01-23T13:00:08,13:00:08,0.307292,0.987037,2,heavy occlusion,true
cddc3f69,cddc3f69:880,861555ec,880,8,00:00:08,2025-01-23T13:00:08,13:00:08,0.810677,1.0,1,moderate occlusion,false
cddc3f69,cddc3f69:886,dc44a34c,886,8,00:00:08,2025-01-23T13:00:08,13:00:08,0.338021,0.975,2,heavy occlusion,true
cddc3f69,cddc3f69:886,dc44a34c,886,9,00:00:09,2025-01-23T13:00:09,13:00:09,0.330208,0.974074,2,heavy occlusion,true
cddc3f69,cddc3f69:887,3e084ef8,887,8,00:00:08,2025-01-23T13:00:08,13:00:08,0.496875,0.989815,2,heavy occlusion,false
cddc3f69,cddc3f69:887,3e084ef8,887,9,00:00:09,2025-01-23T13:00:09,13:00:09,0.485156,0.983333,2,heavy occlusion,false
cddc3f69,cddc3f69:888,79a5df16,888,8,00:00:08,2025-01-23T13:00:08,13:00:08,0.152083,0.931481,2,heavy occlusion,true
cddc3f69,cddc3f69:888,79a5df16,888,9,00:00:09,2025-01-23T13:00:09,13:00:09,0.163021,0.931481,2,heavy occlusion,true
cddc3f69,cddc3f69:890,62e278b1,890,8,00:00:08,2025-01-23T13:00:08,13:00:08,0.454948,0.85463,2,heavy occlusion,false
cddc3f69,cddc3f69:893,84601f6d,893,8,00:00:08,2025-01-23T13:00:08,13:00:08,0.291406,0.994444,1,moderate occlusion,true
cddc3f69,cddc3f69:896,02a2431c,896,8,00:00:08,2025-01-23T13:00:08,13:00:08,0.46875,0.863889,2,heavy occlusion,false
cddc3f69,cddc3f69:899,bb43e17b,899,8,00:00:08,2025-01-23T13:00:08,13:00:08,0.280208,0.994444,0,light occlusion,true
cddc3f69,cddc3f69:903,69e2f79c,903,8,00:00:08,2025-01-23T13:00:08,13:00:08,0.83776,0.996296,1,moderate occlusion,false
cddc3f69,cddc3f69:909,c3c80a57,909,8,00:00:08,2025-01-23T13:00:08,13:00:08,0.467187,0.994444,2,heavy occlusion,false
cddc3f69,cddc3f69:910,1e7ef41c,910,8,00:00:08,2025-01-23T13:00:08,13:00:08,0.399479,0.802778,2,heavy occlusion,false
cddc3f69,cddc3f69:914,1d147763,914,8,00:00:08,2025-01-23T13:00:08,13:00:08,0.052865,0.975,2,heavy occlusion,false
cddc3f69,cddc3f69:917,31075586,917,8,00:00:08,2025-01-23T13:00:08,13:00:08,0.43724,0.762037,1,moderate occlusion,false
cddc3f69,cddc3f69:920,11e2ef08,920,8,00:00:08,2025-01-23T13:00:08,13:00:08,0.414844,0.981481,2,heavy occlusion,false
cddc3f69,cddc3f69:920,11e2ef08,920,9,00:00:09,2025-01-23T13:00:09,13:00:09,0.415365,0.978704,2,heavy occlusion,false
cddc3f69,cddc3f69:927,aa8d0169,927,8,00:00:08,2025-01-23T13:00:08,13:00:08,0.43151,0.847222,2,heavy occlusion,false
cddc3f69,cddc3f69:930,50f32e37,930,8,00:00:08,2025-01-23T13:00:08,13:00:08,0.366406,0.799074,2,heavy occlusion,false
cddc3f69,cddc3f69:931,48d2a040,931,8,00:00:08,2025-01-23T13:00:08,13:00:08,0.964063,0.996296,2,heavy occlusion,false
cddc3f69,cddc3f69:934,d715cc8e,934,8,00:00:08,2025-01-23T13:00:08,13:00:08,0.970833,0.880556,2,heavy occlusion,false
cddc3f69,cddc3f69:934,d715cc8e,934,9,00:00:09,2025-01-23T13:00:09,13:00:09,0.972396,0.991667,2,heavy occlusion,false
cddc3f69,cddc3f69:935,fdad3ba7,935,8,00:00:08,2025-01-23T13:00:08,13:00:08,0.832552,0.991667,2,heavy occlusion,false
cddc3f69,cddc3f69:935,fdad3ba7,935,9,00:00:09,2025-01-23T13:00:09,13:00:09,0.857031,0.994444,2,heavy occlusion,false
cddc3f69,cddc3f69:938,68b2976f,938,9,00:00:09,2025-01-23T13:00:09,13:00:09,0.841927,0.991667,2,heavy occlusion,false
cddc3f69,cddc3f69:940,310b9010,940,9,00:00:09,2025-01-23T13:00:09,13:00:09,0.779427,0.709259,1,moderate occlusion,false
